﻿<?xml version="1.0" encoding="utf-8"?>
<students last-id="13">
  <student fname="Doncho" lname="Minkov" id="1" />
  <student id="2" fname="Svetlin" lname="Nakov" />
  <student id="3" fname="Asya" lname="Georgieva" />
  <student id="4" fname="Georgi" lname="Georgiev" />
  <student id="5" fname="Nikolay" lname="Kostov" />
  <student id="6" fname="Gosho" lname="Petrov" />
  <student id="7" fname="Nikolay 2" lname="Kostov 2" />
  <student id="8" fname="Hitar" lname="Petar" />
  <student id="9" fname="Hitar" lname="Petar" />
  <student id="10" fname="Nikolay 2" lname="Kostov 2" />
  <student id="11" fname="George" lname="Carlin" />
  <student id="12" fname="Nikolay 2" lname="Kostov 2" />
  <student id="13" fname="John" lname="Snow" />
</students>