﻿<?xml version="1.0" encoding="utf-8"?>
<HelpKI>

  <HelpKINode Title="BirthDate property" Url="html/b3b4b7d9-e438-9b9b-950d-047c2f4ae30d.htm" />
  <HelpKINode Title="Employee class" Url="html/1520ec08-75f4-aa6c-9bb1-21cc04082686.htm" />
  <HelpKINode Title="Employee class" Url="html/79a4b180-2aba-daaa-53a4-b23ec69bcf5a.htm" />
  <HelpKINode Title="Employee class">
    <HelpKINode Title="about Employee class" Url="html/79a4b180-2aba-daaa-53a4-b23ec69bcf5a.htm" />
    <HelpKINode Title="all members" Url="html/1520ec08-75f4-aa6c-9bb1-21cc04082686.htm" />
    <HelpKINode Title="constructor" Url="html/1db16329-b2ea-8612-0ce4-9deaa660ccc0.htm" />
    <HelpKINode Title="methods" Url="html/1daa0f40-0c66-36da-d4d2-8f7a808e707f.htm" />
    <HelpKINode Title="properties" Url="html/764eafe0-25af-05eb-8ee9-02a8e42da39a.htm" />
  </HelpKINode>
  <HelpKINode Title="Employee.BirthDate property" Url="html/b3b4b7d9-e438-9b9b-950d-047c2f4ae30d.htm" />
  <HelpKINode Title="Employee.Employee constructor" Url="html/1db16329-b2ea-8612-0ce4-9deaa660ccc0.htm" />
  <HelpKINode Title="Employee.GetAge method" Url="html/51271a1d-9176-6ecb-aad1-4ae0f270d3e5.htm" />
  <HelpKINode Title="Employee.Name property" Url="html/456b02d3-6fbd-435e-2c23-8fe246fcb6c1.htm" />
  <HelpKINode Title="GetAge method" Url="html/51271a1d-9176-6ecb-aad1-4ae0f270d3e5.htm" />
  <HelpKINode Title="Name property" Url="html/456b02d3-6fbd-435e-2c23-8fe246fcb6c1.htm" />
  <HelpKINode Title="TestSandcastleAPIDocumentation namespace" Url="html/252c0553-3cc2-edd3-9a11-b7321f4c1641.htm" />
  <HelpKINode Title="TestSandcastleAPIDocumentation.Employee class" Url="html/1520ec08-75f4-aa6c-9bb1-21cc04082686.htm" />
  <HelpKINode Title="TestSandcastleAPIDocumentation.Employee class" Url="html/79a4b180-2aba-daaa-53a4-b23ec69bcf5a.htm" />
</HelpKI>
