﻿<?xml version="1.0" encoding="utf-8"?>
<HelpTOC>

  <HelpTOCNode Id="08eb86c2-3274-4225-a0be-750e5244aafb" Title="TestSandcastleAPIDocumentation Namespace" Url="html/252c0553-3cc2-edd3-9a11-b7321f4c1641.htm">
    <HelpTOCNode Id="d0ad5f9a-a91c-474c-9726-28fe2b30e39d" Title="Employee Class" Url="html/79a4b180-2aba-daaa-53a4-b23ec69bcf5a.htm">
      <HelpTOCNode Title="Employee Members" Url="html/1520ec08-75f4-aa6c-9bb1-21cc04082686.htm" />
      <HelpTOCNode Title="Employee Constructor " Url="html/1db16329-b2ea-8612-0ce4-9deaa660ccc0.htm" />
      <HelpTOCNode Id="89f97bb2-c791-4a0c-8d37-1f18d4f28658" Title="Employee Methods" Url="html/1daa0f40-0c66-36da-d4d2-8f7a808e707f.htm">
        <HelpTOCNode Title="GetAge Method " Url="html/51271a1d-9176-6ecb-aad1-4ae0f270d3e5.htm" />
      </HelpTOCNode>
      <HelpTOCNode Id="5e3c3199-14c8-4a20-9903-a8002a033bc5" Title="Employee Properties" Url="html/764eafe0-25af-05eb-8ee9-02a8e42da39a.htm">
        <HelpTOCNode Title="BirthDate Property " Url="html/b3b4b7d9-e438-9b9b-950d-047c2f4ae30d.htm" />
        <HelpTOCNode Title="Name Property " Url="html/456b02d3-6fbd-435e-2c23-8fe246fcb6c1.htm" />
      </HelpTOCNode>
    </HelpTOCNode>
  </HelpTOCNode>
</HelpTOC>
